first_name,last_name,email,gender,ip_address,age
Thea,Willimont,twillimont0@nps.gov,Female,65.151.143.133,41
Eydie,Rogans,erogans1@blogs.com,Female,148.78.187.170,28
Eileen,Macellar,emacellar2@opensource.org,Female,86.3.17.111,50
Ethe,Bassham,ebassham3@seattletimes.com,Male,245.198.67.63,26
Theo,Ewdale,tewdale4@loc.gov,Male,222.167.191.123,30
Randee,Cosker,rcosker5@upenn.edu,Female,60.10.75.31,31
Lazaro,McKeighan,lmckeighan6@blogspot.com,Male,44.173.48.108,38
Antonella,Castaneda,acastaneda7@toplist.cz,Female,38.69.128.190,34
Erhard,Lengthorn,elengthorn8@weebly.com,Male,168.138.151.60,38
Randall,Jesper,rjesper9@gnu.org,Male,128.135.32.92,27
Cyrill,Eydel,ceydela@histats.com,Male,58.154.47.105,39
Lyndsie,Sherborne,lsherborneb@ameblo.jp,Female,1.145.237.42,31
Rolf,Gardiner,rgardinerc@lycos.com,Male,108.167.238.203,31
Rolland,Mapletoft,rmapletoftd@google.com.br,Male,170.136.234.113,48
Talya,Fitchen,tfitchene@cnet.com,Female,157.104.205.66,35
Gilemette,Klain,gklainf@weebly.com,Female,23.38.172.75,47
Emylee,Assad,eassadg@marriott.com,Female,131.12.188.143,33
Alysia,Poynor,apoynorh@mit.edu,Female,229.21.80.155,24
Bobbie,Suett,bsuetti@linkedin.com,Male,167.236.149.140,27
Elston,Pickerin,epickerinj@booking.com,Male,129.187.179.60,31
Kendal,Di Filippo,kdifilippok@ucoz.ru,Male,37.6.26.117,29
Keeley,Dunckley,kdunckleyl@reference.com,Female,97.126.145.46,37
Salomi,Sealeaf,ssealeafm@uiuc.edu,Female,108.101.44.82,34
Bevon,Bogey,bbogeyn@gnu.org,Male,186.255.190.51,42
Beltran,Domingues,bdomingueso@freewebs.com,Male,4.244.44.105,41
Dodi,Marcu,dmarcup@google.com,Female,40.61.111.176,48
Claire,Raspison,craspisonq@wiley.com,Male,250.41.199.251,48
Elka,Killock,ekillockr@list-manage.com,Female,211.161.5.32,49
Audy,Load,aloads@imageshack.us,Female,161.218.158.53,41